{"question": 9, "_timestamp": 1690655031.9735732, "_runtime": 41.457805156707764, "_step": 9, "_wandb": {"runtime": 958}}